source,memory_type,name,price,list_price,rating,review_count,in_stock,scraped_at,url
newegg,DDR4,G.SKILL 8GB DDR4 3200 (PC4 25600) Desktop Memory Model F4-3200C16S-8GVKB,65.99,,,,1,2026-10-02T15:40:40.796912+00:00,https://www.newegg.com/g-skill-8gb-ddr4-3200-cas-latency-cl38-desktop-memory-black/p/N82E16820374299
newegg,DDR4,Used - Like NewPatriot Viper Elite 8GB (2 x 4GB) DDR4 2666 (PC4 21300) Desktop Memory Model PVE48G266C6KGY,71.99,,,55,1,2026-10-02T15:40:40.796912+00:00,https://www.newegg.com/patriot-memory-viper-elite-8gb-ddr4-2666-cas-latency-cl16-desktop-memory-gray/p/N82E16820225097
newegg,DDR4,CORSAIR Vengeance LPX (AMD Ryzen Ready) 16GB (2 x 8GB) DDR4 2400 (PC4 19200)  Desktop Memory Model CMK16GX4M2Z2400C16,99.0,,,187,1,2026-10-02T15:40:40.796912+00:00,https://www.newegg.com/corsair-vengeance-lpx-16gb-ddr4-2400-cas-latency-cl16-desktop-memory-black/p/N82E16820236164
newegg,DDR4,Patriot Viper Elite II 8GB 288-Pin PC RAM DDR4 2666 (PC4 21300) Desktop Memory Model PVE248G266C6,108.85,,,,1,2026-10-02T15:40:40.796912+00:00,https://www.newegg.com/patriot-memory-viper-elite-ii-8gb-ddr4-2666-cas-latency-cl16-desktop-memory-red-black/p/N82E16820225267
newegg,DDR4,CORSAIR Vengeance LPX 16GB (2 x 8GB) 288-Pin PC RAM DDR4 3000 (PC4 24000) Memory Kit Model CMK16GX4M2B3000C15,109.0,,,627,1,2026-10-02T15:40:40.796912+00:00,https://www.newegg.com/corsair-vengeance-lpx-16gb-ddr4-3000-cas-latency-cl15-memory-kit-black/p/N82E16820233852
newegg,DDR4,CORSAIR Vengeance LPX 16GB (2 x 8GB) 288-Pin PC RAM DDR4 3200 (PC4 25600) Desktop Memory Model CMK16GX4M2E3200C16W,119.0,,,1,1,2026-10-02T15:40:40.796912+00:00,https://www.newegg.com/corsair-vengeance-lpx-16gb-ddr4-3200-cas-latency-cl16-desktop-memory-white/p/N82E16820236736
newegg,DDR4,G.SKILL Ripjaws V Series 16GB 288-Pin PC RAM DDR4 3200 (PC4 25600) Desktop Memory Model F4-3200C16S-16GVK,129.99,133.99,,8063,1,2026-10-02T15:40:40.796912+00:00,https://www.newegg.com/g-skill-ripjaws-v-series-16gb-ddr4-3200-cas-latency-cl16-desktop-memory-black/p/N82E16820232090
newegg,DDR4,Team T-FORCE VULCAN Z 16GB (2 x 8GB) DDR4 3200 (PC4 25600) Desktop Memory Model TLZGD416G3200HC16FDC01,129.99,133.99,,67,1,2026-10-02T15:40:40.796912+00:00,https://www.newegg.com/team-group-t-force-vulcan-z-16gb-ddr4-3200-cas-latency-cl16-desktop-memory-gray/p/N82E16820331616
newegg,DDR4,G.SKILL Ripjaws V Series 16GB (2 x 8GB) 288-Pin PC RAM DDR4 3200 (PC4 25600) Desktop Memory Model F4-3200C16D-16GVKB,134.99,,,8063,1,2026-10-02T15:40:40.796912+00:00,https://www.newegg.com/g-skill-ripjaws-v-series-16gb-ddr4-3200-cas-latency-cl16-desktop-memory-black/p/N82E16820231941
newegg,DDR4,G.SKILL Ripjaws V Series 16GB (2 x 8GB) 288-Pin PC RAM DDR4 3600 (PC4 28800) Desktop Memory Model F4-3600C18D-16GVK,134.99,,,8063,1,2026-10-02T15:40:40.796912+00:00,https://www.newegg.com/g-skill-ripjaws-v-series-16gb-ddr4-3600-cas-latency-cl18-desktop-memory-black/p/N82E16820232882
newegg,DDR4,Patriot Viper Steel 16GB 288-Pin PC RAM DDR4 3200 (PC4 25600) Desktop Memory Model PVS416G320C6,135.99,,,9,1,2026-10-02T15:40:40.796912+00:00,https://www.newegg.com/patriot-memory-viper-steel-16gb-ddr4-3200-cas-latency-cl16-desktop-memory-gunmetal-grey/p/N82E16820225169
newegg,DDR4,Used - Very GoodCORSAIR Vengeance RGB Pro 16GB (2 x 8GB) 288-Pin DDR4 DRAM DDR4 3000 (PC4 24000) Desktop Memory Model CMW16GX4M2C3000C15,139.0,,,44,1,2026-10-02T15:40:40.796912+00:00,https://www.newegg.com/corsair-vengeance-rgb-pro-16gb-ddr4-3000-cas-latency-cl15-desktop-memory-black/p/N82E16820236419
newegg,DDR4,G.SKILL TridentZ RGB Series 16GB (2 x 8GB) 288-Pin PC RAM DDR4 3200 (PC4 25600) Desktop Memory Model F4-3200C16D-16GTZR,139.99,144.49,,4682,1,2026-10-02T15:40:40.796912+00:00,https://www.newegg.com/g-skill-tridentz-rgb-series-16gb-ddr4-3200-cas-latency-cl16-desktop-memory-black/p/N82E16820232476
newegg,DDR5,G.SKILL Flare X5 8GB 288-Pin PC RAM DDR5 6000 (PC5 48000) Desktop Memory Model F5-6000J3038F8GH1-FX5,139.99,,,1,1,2026-10-02T15:40:27.770631+00:00,https://www.newegg.com/g-skill-flare-x5-8gb-ddr5-6000-pc5-48000-cas-latency-cl30-desktop-memory-black/p/N82E16820374790
newegg,DDR4,CORSAIR Vengeance LPX 16GB (2 x 8GB) 288-Pin PC RAM DDR4 3200 (PC4 25600) Desktop Memory Model CMK16GX4M2E3200C16,144.99,169.99,,132,1,2026-10-02T15:40:40.796912+00:00,https://www.newegg.com/corsair-vengeance-lpx-16gb-ddr4-3200-cas-latency-cl16-desktop-memory-black/p/N82E16820236540
newegg,DDR4,G.SKILL Trident Z Neo (For AMD Ryzen) Series 16GB (2 x 8GB) 288-Pin RGB DDR4 SDRAM DDR4 3200 (PC4 25600) Desktop Memory Model F4-3200C16D-16GTZN,149.99,,,2180,1,2026-10-02T15:40:40.796912+00:00,https://www.newegg.com/g-skill-trident-z-neo-series-16gb-ddr4-3200-cas-latency-cl16-desktop-memory/p/N82E16820232852
newegg,DDR4,Team T-FORCE VULCAN Z 16GB (2 x 8GB) 288-Pin PC RAM DDR4 3200 (PC4 25600) Desktop Memory Model TLZGD416G3200HC16CDC01,149.99,,,459,1,2026-10-02T15:40:40.796912+00:00,https://www.newegg.com/team-group-t-force-vulcan-z-16gb-ddr4-3200-cas-latency-cl16-desktop-memory-gray/p/N82E16820331354
newegg,DDR4,Team T-FORCE VULCAN Z 16GB (2 x 8GB) 288-Pin PC RAM DDR4 3600 (PC4 28800) Desktop Memory Model TLZGD416G3600HC18JDC01,149.99,159.99,,66,1,2026-10-02T15:40:40.796912+00:00,https://www.newegg.com/team-group-t-force-vulcan-z-16gb-ddr4-3600-cas-latency-cl18-desktop-memory-gray/p/N82E16820331542
newegg,DDR4,Team T-Force Delta RGB 16GB (2 x 8GB) 288-Pin PC RAM DDR4 3200 (PC4 25600) Desktop Memory Model TF3D416G3200HC16FDC01,164.99,,,1049,1,2026-10-02T15:40:40.796912+00:00,https://www.newegg.com/team-group-t-force-delta-rgb-16gb-ddr4-3200-cas-latency-cl16-desktop-memory-black/p/N82E16820331858
newegg,DDR4,Team T-Force Delta RGB 16GB (2 x 8GB) 288-Pin PC RAM DDR4 3200 (PC4 25600) Desktop Memory Model TF4D416G3200HC16FDC01,167.99,169.99,,1049,1,2026-10-02T15:40:40.796912+00:00,https://www.newegg.com/team-group-t-force-delta-rgb-16gb-ddr4-3200-cas-latency-cl16-desktop-memory-white/p/N82E16820331859
newegg,DDR4,CORSAIR Vengeance RGB Pro SL 16GB (2 x 8GB) 288-Pin PC RAM DDR4 3200 (PC4 25600) Desktop Memory Model CMH16GX4M2E3200C16,179.99,,,298,1,2026-10-02T15:40:40.796912+00:00,https://www.newegg.com/corsair-vengeance-rgb-pro-sl-16gb-ddr4-3200-cas-latency-cl16-desktop-memory-black/p/N82E16820236703
newegg,DDR4,CORSAIR Vengeance RGB Pro 16GB (2 x 8GB) 288-Pin PC RAM DDR4 3200 (PC4 25600) Desktop Memory Model CMW16GX4M2E3200C16,179.99,,,188,1,2026-10-02T15:40:40.796912+00:00,https://www.newegg.com/corsair-vengeance-rgb-pro-32gb-2-x-16gb-ddr4-3200-pc4-25600-cas-latency-cl16-desktop-memory-white/p/N82E16820982329
newegg,DDR4,CORSAIR Vengeance RGB Pro 16GB (2 x 8GB) 288-Pin PC RAM DDR4 3200 (PC4 25600) Desktop Memory Model CMW16GX4M2E3200C16W,179.99,,,188,1,2026-10-02T15:40:40.796912+00:00,https://www.newegg.com/corsair-vengeance-rgb-pro-32gb-2-x-16gb-ddr4-3200-pc4-25600-cas-latency-cl16-desktop-memory-white/p/N82E16820982330
newegg,DDR4,Crucial 32GB (2 x 16GB) 288-Pin PC RAM DDR4 2666 (PC4 21300) Desktop Memory Model CT2K16G4DFRA266,199.0,,,135,1,2026-10-02T15:40:40.796912+00:00,https://www.newegg.com/crucial-32gb-ddr4-2666-cas-latency-cl19-desktop-memory/p/N82E16820156267
newegg,DDR4,RefurbishedCORSAIR Vengeance RGB Pro 32GB (2 x 16GB) DDR4 3000 (PC4 24000) Desktop Memory Model CMW32GX4M2C3000C15W,209.99,,,,1,2026-10-02T15:40:40.796912+00:00,https://www.newegg.com/corsair-vengeance-rgb-pro-32gb-2-x-16gb-ddr4-3000-pc4-24000-cas-latency-cl15-desktop-memory-white/p/N82E16820236453T
newegg,DDR4,RefurbishedCORSAIR Vengeance LPX 32GB (2 x 16GB) 288-Pin PC RAM DDR4 3600 (PC4 28800) Desktop Memory Model CMK32GX4M2D3600C18,209.99,,,,1,2026-10-02T15:40:40.796912+00:00,https://www.newegg.com/corsair-vengeance-lpx-32gb-2-x-16gb-ddr4-3600-pc4-28800-cas-latency-cl18-desktop-memory-black/p/N82E16820236596T
newegg,DDR4,Patriot Viper Elite II 32GB 288-Pin PC RAM DDR4 3600 (PC4 28800) Desktop Memory Model PVE2432G360C0,219.99,,,2,1,2026-10-02T15:40:40.796912+00:00,https://www.newegg.com/patriot-memory-viper-elite-ii-32gb-ddr4-3600-cas-latency-cl20-desktop-memory-red-black/p/N82E16820225282
newegg,DDR4,CORSAIR Vengeance LPX 32GB (2 x 16GB) 288-Pin PC RAM DDR4 3600 (PC4 28800) Desktop Memory Model CMK32GX4M2D3600C18,226.9,229.0,,322,1,2026-10-02T15:40:40.796912+00:00,https://www.newegg.com/corsair-vengeance-lpx-32gb-ddr4-3600-cas-latency-cl18-desktop-memory-black/p/N82E16820236596
newegg,DDR4,Crucial Pro 32GB (2 x 16GB) 288-Pin PC RAM DDR4 3200 (PC4 25600) Desktop Memory Model CP2K16G4DFRA32A,229.99,252.99,,136,1,2026-10-02T15:40:40.796912+00:00,https://www.newegg.com/crucial-pro-32gb-ddr4-3200-cas-latency-cl22-desktop-memory-black/p/N82E16820156326
newegg,DDR4,XPG Spectra D35 32GB (2 x 16GB) 288-Pin PC RAM DDR4 3200 (PC4 25600) Memory (Desktop Memory) Model AX4U320016G16A-DTBKD35G,229.99,243.99,,3,1,2026-10-02T15:40:40.796912+00:00,https://www.newegg.com/xpg-spectra-d35-32gb-ddr4-3200-cas-latency-cl16-memory-black/p/N82E16820246082
newegg,DDR4,Crucial 32GB (2 x 16GB) 288-Pin PC RAM DDR4 2400 (PC4 19200) Desktop Memory Model CT2K16G4DFD824A,235.7,252.53,,16,1,2026-10-02T15:40:40.796912+00:00,https://www.newegg.com/crucial-32gb-ddr4-2400-cas-latency-cl17-desktop-memory-green/p/09Z-01WK-00003
newegg,DDR4,G.SKILL TridentZ RGB Series 16GB (2 x 8GB) 288-Pin PC RAM DDR4 3200 (PC4 25600) Desktop Memory Model F4-3200C14D-16GTZR,238.95,,,4682,1,2026-10-02T15:40:40.796912+00:00,https://www.newegg.com/g-skill-tridentz-rgb-series-16gb-ddr4-3200-cas-latency-cl14-desktop-memory-black/p/N82E16820232485
newegg,DDR4,Patriot Viper Steel 32GB 288-Pin PC RAM DDR4 3200 (PC4 25600) Desktop Memory Model PVS432G320C6,239.99,,,1,1,2026-10-02T15:40:40.796912+00:00,https://www.newegg.com/patriot-memory-viper-steel-32gb-ddr4-3200-cas-latency-cl16-desktop-memory-gunmetal-grey/p/N82E16820225200
newegg,DDR4,G.SKILL Ripjaws V Series 32GB (2 x 16GB) 288-Pin PC RAM DDR4 3200 (PC4 25600) Desktop Memory Model F4-3200C16D-32GVK,239.99,,,8063,1,2026-10-02T15:40:40.796912+00:00,https://www.newegg.com/g-skill-ripjaws-v-series-32gb-ddr4-3200-cas-latency-cl16-desktop-memory-black/p/N82E16820232091
newegg,DDR4,G.SKILL Ripjaws V Series 32GB (2 x 16GB) 288-Pin PC RAM DDR4 3600 (PC4 28800) Desktop Memory Model F4-3600C18D-32GVK,239.99,257.49,,8063,1,2026-10-02T15:40:40.796912+00:00,https://www.newegg.com/g-skill-ripjaws-v-series-32gb-ddr4-3600-cas-latency-cl18-desktop-memory-black/p/N82E16820232928
newegg,DDR4,Team T-Force Delta RGB 32GB (2 x 16GB) 288-Pin PC RAM DDR4 3200 (PC4 25600) Desktop Memory Model TF3D432G3200HC16FDC01,239.99,247.49,,1049,1,2026-10-02T15:40:40.796912+00:00,https://www.newegg.com/team-group-t-force-delta-rgb-32gb-ddr4-3200-cas-latency-cl16-desktop-memory-black/p/N82E16820331634
newegg,DDR4,G.SKILL Trident Z Royal Series 16GB (2 x 8GB) 288-Pin RGB DDR4 SDRAM DDR4 3200 (PC4 25600) Desktop Memory Model F4-3200C14D-16GTRS,246.0,,,22,1,2026-10-02T15:40:40.796912+00:00,https://www.newegg.com/g-skill-trident-z-royal-series-16gb-ddr4-3200-cas-latency-cl14-desktop-memory-silver/p/N82E16820232789
newegg,DDR4,G.SKILL TridentZ RGB Series 32GB (2 x 16GB) 288-Pin PC RAM DDR4 3200 (PC4 25600) Intel XMP 2.0 Desktop Memory Model F4-3200C16D-32GTZR,249.99,,,4682,1,2026-10-02T15:40:40.796912+00:00,https://www.newegg.com/g-skill-tridentz-rgb-series-32gb-ddr4-3200-cas-latency-cl16-desktop-memory-black/p/N82E16820232748
newegg,DDR4,Team T-FORCE VULCAN Z 32GB (2 x 16GB) 288-Pin PC RAM DDR4 3200 (PC4 25600) Desktop Memory Model TLZGD432G3200HC16FDC01,249.99,,,250,1,2026-10-02T15:40:40.796912+00:00,https://www.newegg.com/team-group-t-force-vulcan-z-32gb-ddr4-3200-cas-latency-cl16-desktop-memory-gray/p/N82E16820331618
newegg,DDR5,Team T-Force Delta RGB 16GB 288-Pin PC RAM DDR5 6000 (PC5 48000) Desktop memory Model FF3D516G6000HC38A01,249.99,257.49,,1,1,2026-10-02T15:40:27.770631+00:00,https://www.newegg.com/team-group-t-force-delta-rgb-16gb-ddr5-6000-pc5-48000-cas-latency-cl38-desktop-memory-black/p/N82E16820985342
newegg,DDR4,Black Diamond Memory 32GB (2 x 16GB) 288-Pin PC RAM DDR4 2666 (PC4 21300) Desktop Memory Model BD16GX22933MQ25,258.99,,,,1,2026-10-02T15:40:40.796912+00:00,https://www.newegg.com/black-diamond-memory-32gb-288-pin-ddr4-sdram/p/N82E16820014133
newegg,DDR4,G.SKILL TridentZ RGB Series 32GB (2 x 16GB) 288-Pin PC RAM DDR4 3600 (PC4 28800) Desktop Memory Model F4-3600C18D-32GTZR,259.99,267.99,,4682,1,2026-10-02T15:40:40.796912+00:00,https://www.newegg.com/g-skill-tridentz-rgb-series-32gb-ddr4-3600-cas-latency-cl18-desktop-memory-black/p/N82E16820232920
newegg,DDR4,Team T-CREATE EXPERT 32GB (2 x 16GB) 288-Pin PC RAM DDR4 3200 (PC4 25600) Desktop Memory Model TTCED432G3200HC16FDC01,259.99,,,5,1,2026-10-02T15:40:40.796912+00:00,https://www.newegg.com/team-group-t-create-expert-32gb-ddr4-3200-cas-latency-cl16-desktop-memory-gray/p/N82E16820331998
newegg,DDR4,G.SKILL Ripjaws V Series 32GB (2 x 16GB) 288-Pin PC RAM DDR4 3600 (PC4 28800) Desktop Memory Model F4-3600C16D-32GVKC,264.99,,,8063,1,2026-10-02T15:40:40.796912+00:00,https://www.newegg.com/g-skill-ripjaws-v-series-32gb-ddr4-3600-cas-latency-cl16-desktop-memory-black/p/N82E16820232907
newegg,DDR5,G.SKILL Flare X5 16GB (2 x 8GB) 288-Pin PC RAM DDR5 6000 (PC5 48000) Desktop Memory Model F5-6000J3038F8GH2-FX5,267.99,272.99,,11,1,2026-10-02T15:40:27.770631+00:00,https://www.newegg.com/g-skill-flare-x5-16gb-2-x-8gb-ddr5-6000-pc5-48000-cas-latency-cl30-desktop-memory-black/p/N82E16820374781
newegg,DDR4,G.SKILL TridentZ RGB Series 32GB (2 x 16GB) 288-Pin PC RAM DDR4 3600 (PC4 28800) Desktop Memory Model F4-3600C16D-32GTZRC,269.99,,,4682,1,2026-10-02T15:40:40.796912+00:00,https://www.newegg.com/g-skill-tridentz-rgb-series-32gb-ddr4-3600-cas-latency-cl16-desktop-memory-black/p/N82E16820232906
newegg,DDR4,G.SKILL Trident Z Neo (For AMD Ryzen) Series 32GB (2 x 16GB) 288-Pin RGB PC RAM DDR4 3600 (PC4 28800) Desktop Memory Model F4-3600C16D-32GTZNC,279.99,,,2180,1,2026-10-02T15:40:40.796912+00:00,https://www.newegg.com/g-skill-trident-z-neo-series-32gb-ddr4-3600-cas-latency-cl16-desktop-memory-black/p/N82E16820232861
newegg,DDR4,Team T-Force Delta RGB 32GB (2 x 16GB) 288-Pin PC RAM DDR4 3600 (PC4 28800) Desktop Memory Model TF4D432G3600HC18JDC01,279.99,,,1049,1,2026-10-02T15:40:40.796912+00:00,https://www.newegg.com/team-group-t-force-delta-rgb-32gb-ddr4-3600-cas-latency-cl18-desktop-memory-white/p/N82E16820331515
newegg,DDR5,Team Group 16GB (2 x 8GB) 288-Pin PC RAM DDR5 6000 (PC5 48000) Memory Model FF3D516G6000HC38ADC01,279.99,,,68,1,2026-10-02T15:40:27.770631+00:00,https://www.newegg.com/team-group-16gb-ddr5-6000-cas-latency-cl38-memory-black/p/N82E16820985307?Item=N82E16820985307&cm_sp=SP-_-3285564-_-0-_-1-_-20-985-307-_-ddr5 desktop memory-_-ddr5|memory-_-18
newegg,DDR4,CORSAIR Vengeance LPX 32GB (2 x 16GB) 288-Pin PC RAM DDR4 2666 (PC4 21300) Memory Kit Model CMK32GX4M2A2666C16,289.99,,,153,1,2026-10-02T15:40:40.796912+00:00,https://www.newegg.com/corsair-vengeance-lpx-32gb-ddr4-2666-cas-latency-cl16-memory-kit-black/p/N82E16820233853
newegg,DDR5,CORSAIR Vengeance RGB 16GB 288-Pin PC RAM DDR5 6000 (PC5 48000) Desktop Memory Model CMH16GX5M1D6000Z38,289.99,298.99,,,1,2026-10-02T15:40:27.770631+00:00,https://www.newegg.com/corsair-vengeance-rgb-16gb-2-x-8gb-ddr5-6000-pc5-48000-cas-latency-cl38-desktop-memory-gray/p/N82E16820982351
newegg,DDR5,CORSAIR Vengeance 16GB (2 x 8GB) 288-Pin PC RAM DDR5 5200 (PC5 41600) Desktop Memory Model CMK16GX5M2B5200C40,294.99,,,23,1,2026-10-02T15:40:27.770631+00:00,https://www.newegg.com/corsair-vengeance-16gb-ddr5-5200-cas-latency-cl40-desktop-memory-black/p/N82E16820236993
newegg,DDR5,G.SKILL Flare X5 16GB 288-Pin PC RAM DDR5 6000 (PC5 48000) Desktop Memory Model F5-6000J3636F16GX1-FX5,299.99,,,6,1,2026-10-02T15:40:27.770631+00:00,https://www.newegg.com/g-skill-flare-x5-16gb-ddr5-6000-pc5-48000-cas-latency-cl36-desktop-memory-black/p/N82E16820374789
newegg,DDR5,CORSAIR Vengeance 16GB (2 x 8GB) 288-Pin PC RAM DDR5 5600 (PC5 44800) Desktop memory Model CMK16GX5M2B5600Z40,299.99,,,23,1,2026-10-02T15:40:27.770631+00:00,https://www.newegg.com/corsair-vengeance-16gb-2-x-8gb-ddr5-5600-pc5-44800-cas-latency-cl40-desktop-memory-gray/p/N82E16820982323
newegg,DDR5,CORSAIR Vengeance 16GB (2 x 8GB) 288-Pin PC RAM DDR5 6000 (PC5 48000) Desktop memory Model CMK16GX5M2E6000Z36,299.99,,,23,1,2026-10-02T15:40:27.770631+00:00,https://www.newegg.com/corsair-vengeance-16gb-2-x-8gb-ddr5-6000-pc5-48000-cas-latency-cl36-desktop-memory-gray/p/N82E16820982324
newegg,DDR4,CORSAIR Vengeance RGB Pro SL 32GB (2 x 16GB) 288-Pin PC RAM DDR4 3600 (PC4 28800) Desktop Memory Model CMH32GX4M2D3600C18,309.99,,,298,1,2026-10-02T15:40:40.796912+00:00,https://www.newegg.com/corsair-vengeance-rgb-pro-sl-32gb-ddr4-3600-cas-latency-cl18-desktop-memory-black/p/N82E16820236707
newegg,DDR4,CORSAIR Vengeance RGB Pro SL 32GB (2 x 16GB) 288-Pin PC RAM DDR4 3600 (PC4 28800) Desktop Memory Model CMH32GX4M2D3600C18W,309.99,,,298,1,2026-10-02T15:40:40.796912+00:00,https://www.newegg.com/corsair-vengeance-rgb-pro-sl-32gb-ddr4-3600-cas-latency-cl18-desktop-memory-white/p/N82E16820236708
newegg,DDR4,G.SKILL Value Series 32GB DDR4 2666 (PC4 21300) Desktop Memory Model F4-2666C19S-32GNT,309.99,,,6,1,2026-10-02T15:40:40.796912+00:00,https://www.newegg.com/g-skill-value-series-32gb-ddr4-2666-cas-latency-cl19-desktop-memory/p/N82E16820374109
newegg,DDR4,CORSAIR Vengeance LPX 32GB (2 x 16GB) 288-Pin PC RAM DDR4 3200 (PC4 25600) Desktop Memory Model CMK32GX4M2E3200C16,315.99,,,355,1,2026-10-02T15:40:40.796912+00:00,https://www.newegg.com/corsair-vengeance-lpx-32gb-ddr4-3200-cas-latency-cl16-desktop-memory-black/p/N82E16820236541
newegg,DDR4,CORSAIR Vengeance RGB Pro 32GB (2 x 16GB) 288-Pin PC RAM DDR4 3200 (PC4 25600) Desktop Memory Model CMW32GX4M2E3200C16,315.99,,,188,1,2026-10-02T15:40:40.796912+00:00,https://www.newegg.com/corsair-vengeance-rgb-pro-32gb-ddr4-3200-cas-latency-cl16-desktop-memory-black/p/N82E16820236570
newegg,DDR4,CORSAIR Vengeance LPX 32GB (2 x 16GB) 288-Pin PC RAM DDR4 3200 (PC4 25600) Desktop Memory Model CMK32GX4M2E3200C16W,315.99,,,8,1,2026-10-02T15:40:40.796912+00:00,https://www.newegg.com/corsair-vengeance-lpx-32gb-ddr4-3200-cas-latency-cl16-desktop-memory-white/p/N82E16820236737
newegg,DDR5,CORSAIR Vengeance RGB 16GB (2 x 8GB) 288-Pin PC RAM DDR5 6000 (PC5 48000) Desktop Memory Model CMH16GX5M2E6000Z36,315.99,325.49,,23,1,2026-10-02T15:40:27.770631+00:00,https://www.newegg.com/corsair-vengeance-rgb-16gb-2-x-8gb-ddr5-6000-pc5-48000-cas-latency-cl36-desktop-memory-gray/p/N82E16820982326
newegg,DDR4,CORSAIR Vengeance RGB Pro 32GB (2 x 16GB) 288-Pin PC RAM DDR4 3200 (PC4 25600) Desktop Memory Model CMW32GX4M2E3200C16W,329.99,,,188,1,2026-10-02T15:40:40.796912+00:00,https://www.newegg.com/corsair-vengeance-rgb-pro-32gb-ddr4-3200-cas-latency-cl16-desktop-memory-white/p/N82E16820236699
newegg,DDR4,CORSAIR Vengeance RGB Pro SL 32GB (2 x 16GB) 288-Pin PC RAM DDR4 3200 (PC4 25600) Desktop Memory Model CMH32GX4M2E3200C16,329.99,,,298,1,2026-10-02T15:40:40.796912+00:00,https://www.newegg.com/corsair-vengeance-rgb-pro-sl-32gb-ddr4-3200-cas-latency-cl16-desktop-memory-black/p/N82E16820236709
newegg,DDR4,CORSAIR Vengeance RGB Pro SL 32GB (2 x 16GB) 288-Pin PC RAM DDR4 3200 (PC4 25600) Desktop Memory Model CMH32GX4M2E3200C16W,329.99,,,298,1,2026-10-02T15:40:40.796912+00:00,https://www.newegg.com/corsair-vengeance-rgb-pro-sl-32gb-ddr4-3200-cas-latency-cl16-desktop-memory-white/p/N82E16820236710
newegg,DDR4,CORSAIR Vengeance RGB Pro 32GB (2 x 16GB) 288-Pin PC RAM DDR4 3600 (PC4 28800) Desktop Memory Model CMW32GX4M2D3600C18,339.99,,,453,1,2026-10-02T15:40:40.796912+00:00,https://www.newegg.com/corsair-vengeance-rgb-pro-32gb-ddr4-3600-cas-latency-cl18-desktop-memory-black/p/N82E16820236607
newegg,DDR5,Crucial Pro Overclocking 16GB DDR5 6000 (PC5 48000) Desktop Memory Model CP16G60C36U5B,352.77,,,97,1,2026-10-02T15:40:27.770631+00:00,https://www.newegg.com/crucial-pro-overclocking-16gb-ddr5-6000-pc5-48000-cas-latency-cl36-desktop-memory-black/p/N82E16820156459
newegg,DDR4,Used - Like NewCORSAIR Vengeance LPX 64GB (4 x 16GB) 288-Pin PC RAM DDR4 2666 (PC4 21300) Desktop Memory Model CMK64GX4M4A2666C16,399.95,,,23,1,2026-10-02T15:40:40.796912+00:00,https://www.newegg.com/corsair-vengeance-lpx-64gb-ddr4-2666-cas-latency-cl16-desktop-memory-black/p/N82E16820233891
newegg,DDR4,Kingston FURY Beast 32GB (2 x 16GB) 288-Pin PC RAM DDR4 3200 (PC4 25600) Desktop Memory Model KF432C16BB12AK2/32,399.99,,,2,1,2026-10-02T15:40:40.796912+00:00,https://www.newegg.com/kingston-technology-corp-fury-beast-32gb-ddr4-3200-cas-latency-cl16-desktop-memory-midnight-black/p/N82E16820242800
newegg,DDR4,G.SKILL Aegis 32GB (2 x 16GB) 288-Pin PC RAM DDR4 3200 (PC4 25600) Memory Kit Model F4-3200C16D-32GIS,432.85,,,1401,1,2026-10-02T15:40:40.796912+00:00,https://www.newegg.com/g-skill-aegis-32gb-ddr4-3200-cas-latency-cl16-memory-kit-black-red/p/N82E16820232885
newegg,DDR5,PNY Performance 32GB (2 x 16GB) DDR5 5600 (PC5 44800) Desktop Memory Model MD32GK2D5560046-TB,434.99,,,,1,2026-10-02T15:40:27.770631+00:00,https://www.newegg.com/pny-technologies-inc-performance-32gb-2-x-16gb-ddr5-5600-pc5-44800-cas-latency-cl46-desktop-memory/p/N82E16820177196
newegg,DDR5,OWC 64GB (4x16GB) DDR4 2666MHz PC4-21300 CL19 2RX8 Non-ECC UDIMM 1.2V 288-pin Desktop Memory RAM Upgrade for PC,439.08,,,,1,2026-10-02T15:40:40.796912+00:00,https://www.newegg.com/owc-64gb-ddr4-2666-cas-latency-cl19-memory-black/p/0RN-0031-001G3
newegg,DDR5,Team T-Force Delta RGB 32GB (2 x 16GB) DDR5 5200 (PC5 41600) Desktop Memory Model FF3D532G5200HC40CDC01,459.99,473.99,,604,1,2026-10-02T15:40:27.770631+00:00,https://www.newegg.com/team-group-t-force-delta-rgb-32gb-ddr5-5200-cas-latency-cl40-desktop-memory-black/p/N82E16820331810
newegg,DDR5,Team T-CREATE CLASSIC 32GB (2 x 16GB) 288-Pin PC RAM DDR5 5600 (PC5 44800) Desktop Memory Model CTCCD532G5600HC46DC01,459.99,,,25,1,2026-10-02T15:40:27.770631+00:00,https://www.newegg.com/team-group-t-create-classic-32gb-ddr5-5600-cas-latency-cl46-desktop-memory-black/p/N82E16820985008
newegg,DDR5,Patriot Viper Venom RGB 32GB (2 x 16GB) 288-Pin PC RAM DDR5 5600 (PC5 44800) Desktop Memory Model PVVR532G560C36K,464.99,,,3,1,2026-10-02T15:40:27.770631+00:00,https://www.newegg.com/patriot-memory-viper-venom-rgb-32gb-ddr5-5600-cas-latency-cl36-desktop-memory-matte-black/p/N82E16820225309
newegg,DDR4,CORSAIR Vengeance LPX 64GB (2 x 32GB) 288-Pin PC RAM DDR4 3200 (PC4 25600) Desktop Memory Model CMK64GX4M2E3200C16,469.9,499.0,,132,1,2026-10-02T15:40:40.796912+00:00,https://www.newegg.com/corsair-vengeance-lpx-64gb-ddr4-3200-cas-latency-cl16-desktop-memory-black/p/N82E16820236586
newegg,DDR5,Patriot Viper Venom RGB 32GB (2 x 16GB) 288-Pin PC RAM DDR5 6400 (PC5 51200) Desktop Memory Model PVV532G640C32K Compatible with AMD / Intel Gen14 Only,469.99,,,2,1,2026-10-02T15:40:27.770631+00:00,https://www.newegg.com/patriot-memory-viper-venom-rgb-32gb-ddr5-6400-cas-latency-cl32-desktop-memory-matte-black/p/N82E16820225336
newegg,DDR5,Patriot Viper Venom RGB 32GB (2 x 16GB) 288-Pin PC RAM DDR5 6000 (PC5 48000) Desktop Memory Model PVVR532G600C36K Compatible with AMD / Intel Gen14 Only,479.99,,,7,1,2026-10-02T15:40:27.770631+00:00,https://www.newegg.com/patriot-memory-viper-venom-rgb-32gb-ddr5-6000-cas-latency-cl36-desktop-memory-matte-black/p/N82E16820225310
newegg,DDR5,Team T-Force Delta ECO 32GB (2 x 16GB) 288-Pin PC RAM DDR5 6400 (PC5 51200) Desktop Memory Model FF2D532G6400HC32ADC01,479.99,519.99,,604,1,2026-10-02T15:40:27.770631+00:00,https://www.newegg.com/team-group-t-force-delta-eco-32gb-ddr5-6400-cas-latency-cl32-desktop-memory-silver/p/N82E16820985279
newegg,DDR5,"DATO 32GB (2x16GB) DDR5 5600MHz UDIMM desktop Memory RAM, PC5-44800, CL46, 1.1V, 288-Pin, Non-ECC, Unbuffered",485.99,,,,1,2026-10-02T15:40:27.770631+00:00,https://www.newegg.com/dato-32gb-2-x-16gb-5600-mhz-cas-latency-cl46-memory-system-specific-memory/p/2SJ-004V-00001?Item=9SIC1WRKPX0232&cm_sp=SP-_-3099570-_-0-_-2-_-9SIC1WRKPX0232-_-ddr5 desktop memory-_-ddr5|memory-_-12
newegg,DDR5,CORSAIR Vengeance 32GB (2 x 16GB) 288-Pin PC RAM DDR5 6000 (PC5 48000) Desktop Memory Model CMK32GX5M2D6000Z38,489.99,524.99,,687,1,2026-10-02T15:40:27.770631+00:00,https://www.newegg.com/corsair-vengeance-32gb-2-x-16gb-ddr5-6000-pc5-48000-cas-latency-cl38-desktop-memory-gray/p/N82E16820982346
newegg,DDR4,G.SKILL Ripjaws V Series 64GB (4 x 16GB) 288-Pin PC RAM DDR4 3200 (PC4 25600) Desktop Memory Model F4-3200C16Q-64GVK,499.99,,,8063,1,2026-10-02T15:40:40.796912+00:00,https://www.newegg.com/g-skill-ripjaws-v-series-64gb-ddr4-3200-cas-latency-cl16-desktop-memory-black/p/N82E16820232092
newegg,DDR5,CORSAIR Vengeance 32GB (2 x 16GB) 288-Pin PC RAM DDR5 6000 (PC5 48000) Desktop Memory Model CMK32GX5M2D6000C38,499.99,559.99,,687,1,2026-10-02T15:40:27.770631+00:00,https://www.newegg.com/corsair-vengeance-32gb-2-x-16gb-ddr5-6000-pc5-48000-cas-latency-cl38-desktop-memory-black/p/N82E16820982342
newegg,DDR5,CORSAIR Vengeance 32GB (2 x 16GB) 288-Pin PC RAM DDR5 6000 (PC5 48000) Desktop Memory Model CMH32GX5M2D6000Z38,499.99,,,473,1,2026-10-02T15:40:27.770631+00:00,https://www.newegg.com/corsair-vengeance-32gb-2-x-16gb-ddr5-6000-pc5-48000-cas-latency-cl38-desktop-memory-gray/p/N82E16820982348
newegg,DDR5,Team T-Force Delta RGB 32GB (2 x 16GB) 288-Pin PC RAM DDR5 6000 (PC5 48000) Desktop Memory Model FF3D532G6000HC38ADC01,501.49,,,604,1,2026-10-02T15:40:27.770631+00:00,https://www.newegg.com/team-group-t-force-delta-rgb-32gb-ddr5-6000-cas-latency-cl38-desktop-memory-black/p/N82E16820331748
newegg,DDR5,CORSAIR Vengeance 32GB (2 x 16GB) 288-Pin PC RAM DDR5 5200 (PC5 41600) Desktop Memory Model CMK32GX5M2B5200C40,507.99,,,687,1,2026-10-02T15:40:27.770631+00:00,https://www.newegg.com/corsair-vengeance-32gb-ddr5-5200-cas-latency-cl40-desktop-memory-black/p/N82E16820236827
newegg,DDR5,CORSAIR Vengeance 32GB (2 x 16GB) 288-Pin PC RAM DDR5 5200 (PC5 41600) Desktop Memory Model CMK32GX5M2B5200C40W,507.99,,,687,1,2026-10-02T15:40:27.770631+00:00,https://www.newegg.com/corsair-vengeance-32gb-ddr5-5200-cas-latency-cl40-desktop-memory-white/p/N82E16820236844
newegg,DDR5,Team T-Force Delta RGB 32GB (2 x 16GB) 288-Pin PC RAM DDR5 6000 (PC5 48000) Desktop Memory Model FF4D532G6000HC38ADC01,509.99,,,604,1,2026-10-02T15:40:27.770631+00:00,https://www.newegg.com/team-group-t-force-delta-rgb-32gb-ddr5-6000-cas-latency-cl38-desktop-memory-white/p/N82E16820331749
newegg,DDR5,CORSAIR Vengeance RGB 32GB (2 x 16GB) 288-Pin PC RAM DDR5 5200 (PC5 41600) Desktop Memory Model CMH32GX5M2B5200C40,517.99,,,473,1,2026-10-02T15:40:27.770631+00:00,https://www.newegg.com/corsair-vengeance-rgb-32gb-ddr5-5200-cas-latency-cl40-desktop-memory-black/p/N82E16820236883
newegg,DDR5,CORSAIR Vengeance RGB 32GB (2 x 16GB) 288-Pin PC RAM DDR5 5200 (PC5 41600) Desktop Memory Model CMH32GX5M2B5200C40W,517.99,,,473,1,2026-10-02T15:40:27.770631+00:00,https://www.newegg.com/corsair-vengeance-rgb-32gb-ddr5-5200-cas-latency-cl40-desktop-memory-white/p/N82E16820236884
newegg,DDR4,CORSAIR Vengeance RGB Pro SL 64GB (2 x 32GB) 288-Pin PC RAM DDR4 3200 (PC4 25600) Desktop Memory Model CMH64GX4M2E3200C16,519.99,,,3,1,2026-10-02T15:40:40.796912+00:00,https://www.newegg.com/corsair-vengeance-rgb-pro-sl-64gb-ddr4-3200-cas-latency-cl16-desktop-memory-black/p/N82E16820236822
newegg,DDR5,G.SKILL Flare X5 Series AMD EXPO 32GB (2 x 16GB) 288-Pin PC RAM DDR5 6000 Desktop Memory Model F5-6000J3636F16GX2-FX5,529.0,,,325,1,2026-10-02T15:40:27.770631+00:00,https://www.newegg.com/g-skill-flare-x5-32gb-ddr5-6000-cas-latency-cl36-desktop-memory-black/p/N82E16820374419
newegg,DDR5,Team Group T-CREATE EXPERT 32GB (2 x 16GB) 288-Pin PC RAM DDR5 6000 (PC5 48000) Desktop Memory Model CTCWD532G6000HC30DC01,539.99,,,215,1,2026-10-02T15:40:27.770631+00:00,https://www.newegg.com/team-group-t-create-expert-32gb-ddr5-6000-cas-latency-cl30-desktop-memory-white/p/N82E16820985070
newegg,DDR5,Team Group T-CREATE EXPERT 32GB (2 x 16GB) 288-Pin PC RAM DDR5 6000 (PC5 48000) Desktop Memory Model CTCED532G6000HC30DC01,539.99,,,215,1,2026-10-02T15:40:27.770631+00:00,https://www.newegg.com/team-group-t-create-expert-32gb-ddr5-6000-cas-latency-cl30-desktop-memory-black/p/N82E16820985077
newegg,DDR5,CORSAIR Vengeance RGB 32GB (2 x 16GB) 288-Pin PC RAM DDR5 6400 (PC5 51200) Desktop Memory Model CMH32GX5M2N6400C36,547.99,,,339,1,2026-10-02T15:40:27.770631+00:00,https://www.newegg.com/corsair-vengeance-rgb-32gb-ddr5-6400-cas-latency-cl36-desktop-memory-black/p/N82E16820982185
newegg,DDR5,Team T-Force Vulcan ECO 32GB (2 x 16GB) 288-Pin PC RAM DDR5 6400 (PC5 51200) Desktop Memory Model FLESD532G6400HC38JDC01,549.99,,,1,1,2026-10-02T15:40:27.770631+00:00,https://www.newegg.com/team-group-t-force-vulcan-eco-32gb-2-x-16gb-ddr5-6400-pc5-51200-cas-latency-cl38-desktop-memory-silver/p/N82E16820985371
newegg,DDR4,Used - Very GoodCORSAIR Vengeance RGB Pro 64GB (4 x 16GB) DDR4 3200 (PC4 25600) Desktop Memory Model CMW64GX4M4C3200C16,555.0,,,14,1,2026-10-02T15:40:40.796912+00:00,https://www.newegg.com/corsair-vengeance-rgb-pro-64gb-ddr4-3200-cas-latency-cl16-desktop-memory-black/p/N82E16820236461
newegg,DDR5,G.SKILL Trident Z5 RGB Series 32GB (2 x 16GB) 288-Pin PC RAM DDR5 6000 (PC5 48000) Desktop Memory Model F5-6000J3636F16GX2-TZ5RK,559.99,,,245,1,2026-10-02T15:40:27.770631+00:00,https://www.newegg.com/g-skill-trident-z5-rgb-series-32gb-ddr5-6000-cas-latency-cl36-desktop-memory-black/p/N82E16820374351
newegg,DDR5,G.SKILL Trident Z5 RGB Series 32GB (2 x 16GB) 288-Pin PC RAM DDR5 6000 (PC5 48000) Desktop Memory Model F5-6000J3636F16GX2-TZ5RS,559.99,588.88,,19,1,2026-10-02T15:40:27.770631+00:00,https://www.newegg.com/g-skill-trident-z5-rgb-series-32gb-ddr5-6000-cas-latency-cl36-desktop-memory-silver/p/N82E16820374352?Item=N82E16820374352&cm_sp=SP-_-1755267-_-0-_-2-_-20-374-352-_-ddr5 desktop memory-_-ddr5|memory-_-21
newegg,DDR5,G.SKILL Trident Z5 Neo Series AMD EXPO 32GB (2 x 16GB) 288-Pin PC RAM DDR5 6000 (PC5 48000) Desktop Memory Model F5-6000J3636F16GX2-TZ5N,559.99,,,713,1,2026-10-02T15:40:27.770631+00:00,https://www.newegg.com/g-skill-trident-z5-neo-series-32gb-ddr5-6000-cas-latency-cl36-desktop-memory-black/p/N82E16820374424
newegg,DDR5,CORSAIR Vengeance 32GB (2 x 16GB) 288-Pin PC RAM DDR5 6000 (PC5 48000) Desktop Memory Model CMK32GX5M2B6000C30,559.99,625.99,,687,1,2026-10-02T15:40:27.770631+00:00,https://www.newegg.com/corsair-vengeance-32gb-ddr5-6000-cas-latency-30-desktop-memory-black/p/N82E16820982007
newegg,DDR5,CORSAIR Vengeance 32GB (2 x 16GB) 288-Pin PC RAM DDR5 6000 (PC5 48000) Desktop Memory Model CMK32GX5M2B6000Z30,559.99,663.5,,687,1,2026-10-02T15:40:27.770631+00:00,https://www.newegg.com/corsair-vengeance-32gb-ddr5-6000-cas-latency-cl30-desktop-memory-gray/p/N82E16820982040
newegg,DDR4,Crucial Pro 64GB (2 x 32GB) 288-Pin PC RAM DDR4 3200 (PC4 25600) Desktop Memory Model CP2K32G4DFRA32A,564.0,,,136,1,2026-10-02T15:40:40.796912+00:00,https://www.newegg.com/crucial-pro-64gb-ddr4-3200-cas-latency-cl22-desktop-memory-black/p/N82E16820156327
newegg,DDR5,CORSAIR Vengeance 32GB (2 x 16GB) 288-Pin PC RAM DDR5 6000 (PC5 48000) Desktop Memory Model CMK32GX5M2E6000C36,567.99,,,19,1,2026-10-02T15:40:27.770631+00:00,https://www.newegg.com/corsair-vengeance-32gb-ddr5-6000-cas-latency-cl36-desktop-memory-black/p/N82E16820236994
newegg,DDR5,CORSAIR Vengeance RGB 32GB (2 x 16GB) 288-Pin PC RAM DDR5 6000 (PC5 48000) XMP 3.0 AMD EXPO Desktop Memory Model CMH32GX5M2B6000Z30K,569.99,619.99,,473,1,2026-10-02T15:40:27.770631+00:00,https://www.newegg.com/corsair-vengeance-rgb-32gb-ddr5-6000-cas-latency-cl30-desktop-memory-gray/p/N82E16820236909
newegg,DDR5,CORSAIR Vengeance RGB 32GB (2 x 16GB) 288-Pin PC RAM DDR5 6400 (PC5 51200) Desktop Memory Model CMH32GX5M2B6400C36,569.99,,,473,1,2026-10-02T15:40:27.770631+00:00,https://www.newegg.com/corsair-vengeance-rgb-32gb-ddr5-6400-cas-latency-cl36-desktop-memory-black/p/N82E16820236982
newegg,DDR5,CORSAIR Vengeance 32GB (2 x 16GB) 288-Pin PC RAM DDR5 6000 (PC5 48000) Desktop Memory Model CMH32GX5M2D6000Z38W,569.99,,,473,1,2026-10-02T15:40:27.770631+00:00,https://www.newegg.com/corsair-vengeance-32gb-2-x-16gb-ddr5-6000-pc5-48000-cas-latency-cl38-desktop-memory-white/p/N82E16820982349
newegg,DDR5,Team T-Force Delta RGB 32GB (2 x 16GB) 288-Pin PC RAM DDR5 6400 (PC5 51200) Desktop Memory Model FF3D532G6400HC38JDC01,569.99,,,8,1,2026-10-02T15:40:27.770631+00:00,https://www.newegg.com/team-group-t-force-delta-rgb-32gb-ddr5-6400-cas-latency-cl38-desktop-memory-black/p/N82E16820985309
newegg,DDR5,CORSAIR Dominator Platinum RGB 32GB (2 x 16GB) 288-Pin PC RAM DDR5 6400 (PC5 51200) Desktop Memory Model CMT32GX5M2B6400C32,579.99,,,6,1,2026-10-02T15:40:27.770631+00:00,https://www.newegg.com/corsair-dominator-platinum-rgb-32gb-ddr5-6400-cas-latency-cl32-desktop-memory-black/p/N82E16820236946
newegg,DDR5,CORSAIR Vengeance RGB 32GB (2 x 16GB) 288-Pin PC RAM DDR5 6000 (PC5 48000) Desktop Memory Model CMH32GX5M2E6000C36,579.99,,,473,1,2026-10-02T15:40:27.770631+00:00,https://www.newegg.com/corsair-vengeance-rgb-32gb-ddr5-6000-cas-latency-cl36-desktop-memory-black/p/N82E16820236991
newegg,DDR5,CORSAIR Vengeance RGB 32GB (2 x 16GB) 288-Pin PC RAM DDR5 6000 (PC5 48000) Desktop Memory Model CMH32GX5M2E6000C36W,579.99,,,473,1,2026-10-02T15:40:27.770631+00:00,https://www.newegg.com/corsair-vengeance-rgb-32gb-ddr5-6000-cas-latency-cl36-desktop-memory-white/p/N82E16820982058
newegg,DDR5,CORSAIR Vengeance RGB 32GB (2 x 16GB) 288-Pin PC RAM DDR5 6000 (PC5 48000) Desktop Memory Model CMH32GX5M2E6000Z36,579.99,,,8,1,2026-10-02T15:40:27.770631+00:00,https://www.newegg.com/corsair-vengeance-rgb-32gb-ddr5-6000-cas-latency-cl36-desktop-memory-gray/p/N82E16820982113
newegg,DDR5,CORSAIR Vengeance RGB 32GB (2 x 16GB) 288-Pin PC RAM DDR5 6000 (PC5 48000) Desktop Memory Model CMH32GX5M2E6000Z36W,579.99,,,473,1,2026-10-02T15:40:27.770631+00:00,https://www.newegg.com/corsair-vengeance-rgb-32gb-ddr5-6000-cas-latency-cl36-desktop-memory-white/p/N82E16820982237
newegg,DDR5,Team T-Force Delta RGB 32GB (2 x 16GB) 288-Pin PC RAM DDR5 6000 (PC5 48000) Desktop Memory Model FF3D532G6000HC30DC01,599.99,,,604,1,2026-10-02T15:40:27.770631+00:00,https://www.newegg.com/team-group-t-force-delta-rgb-32gb-ddr5-6000-cas-latency-cl30-desktop-memory-black/p/N82E16820331845
newegg,DDR5,Team T-Force Delta RGB 32GB (2 x 16GB) 288-Pin PC RAM DDR5 6000 (PC5 48000) Desktop Memory Model FF4D532G6000HC30DC01,599.99,,,604,1,2026-10-02T15:40:27.770631+00:00,https://www.newegg.com/team-group-t-force-delta-rgb-32gb-ddr5-6000-cas-latency-cl30-desktop-memory-white/p/N82E16820331846
newegg,DDR5,CORSAIR Vengeance 32GB (2 x 16GB) 288-Pin PC RAM DDR5 6000 (PC5 48000) Desktop memory Model CMK32GX5M2B6000Z28,599.99,649.99,,8,1,2026-10-02T15:40:27.770631+00:00,https://www.newegg.com/corsair-vengeance-32gb-ddr5-6000-cas-latency-cl28-desktop-memory-gray/p/N82E16820982208
newegg,DDR5,Kingston FURY Beast 32GB (2 x 16GB) 288-Pin PC RAM DDR5 6000 (PC5 48000) Memory (Desktop Memory) Model KF560C30BBEAK2-32,629.99,649.99,,78,1,2026-10-02T15:40:27.770631+00:00,https://www.newegg.com/kingston-technology-corp-fury-beast-32gb-ddr5-6000-cas-latency-cl30-memory-black/p/N82E16820242861
newegg,DDR4,G.SKILL Trident Z5 Series 32GB (2 x 16GB) DDR5 6400 Desktop Memory Model F5-6400J3239G16GX2-TZ5K,629.99,,,12,1,2026-10-02T15:40:40.796912+00:00,https://www.newegg.com/g-skill-trident-z5-series-32gb-ddr5-6400-cas-latency-cl32-desktop-memory-black/p/N82E16820374357?Item=N82E16820374357&cm_sp=SP-_-1755267-_-0-_-3-_-20-374-357-_-ddr4 desktop memory-_-ddr4|memory-_-24
newegg,DDR5,G.SKILL Trident Z5 Series 32GB (2 x 16GB) DDR5 6400 Desktop Memory Model F5-6400J3239G16GX2-TZ5S,629.99,,,10,1,2026-10-02T15:40:40.796912+00:00,https://www.newegg.com/g-skill-trident-z5-series-32gb-ddr5-6400-cas-latency-cl32-desktop-memory-silver/p/N82E16820374360?Item=N82E16820374360&cm_sp=SP-_-1755267-_-0-_-3-_-20-374-360-_-ddr4 desktop memory-_-ddr4|memory-_-9
newegg,DDR5,CORSAIR Vengeance RGB 32GB (2 x 16GB) 288-Pin PC RAM DDR5 6000 (PC5 48000) Desktop Memory Model CMH32GX5M2N6000Z30,637.99,,,339,1,2026-10-02T15:40:27.770631+00:00,https://www.newegg.com/corsair-vengeance-rgb-32gb-ddr5-6000-cas-latency-cl30-desktop-memory-gray/p/N82E16820982184
newegg,DDR5,CORSAIR Vengeance RGB 32GB (2 x 16GB) 288-Pin PC RAM DDR5 6000 (PC5 48000) Custom Lab Cherry Blossom Desktop Memory Model CMH32GX5M2B6000Z30WCB - White,637.99,,,473,1,2026-10-02T15:40:27.770631+00:00,https://www.newegg.com/corsair-vengeance-rgb-32gb-2-x-16gb-ddr5-6000-pc5-48000-cas-latency-cl30-desktop-memory-white/p/N82E16820982277
newegg,DDR5,CORSAIR Vengeance RGB 32GB (2 x 16GB) 288-Pin PC RAM DDR5 6000 (PC5 48000) Desktop Memory Model CMH32GX5M2B6000C30,639.99,691.49,,473,1,2026-10-02T15:40:27.770631+00:00,https://www.newegg.com/corsair-vengeance-rgb-32gb-ddr5-6000-cas-latency-cl30-desktop-memory-black/p/N82E16820982008
newegg,DDR5,CORSAIR Vengeance RGB 32GB (2 x 16GB) 288-Pin PC RAM DDR5 6000 (PC5 48000) Desktop Memory Model CMH32GX5M2B6000Z30W,639.99,669.99,,473,1,2026-10-02T15:40:27.770631+00:00,https://www.newegg.com/corsair-vengeance-rgb-32gb-ddr5-6000-cas-latency-cl30-desktop-memory-white/p/N82E16820982236
newegg,DDR5,CORSAIR Vengeance RGB 32GB (2 x 16GB) 288-Pin PC RAM DDR5 6000 (PC5 48000) Custom Lab Cherry Blossom Desktop Memory Model CMH32GX5M2B6000Z30CB - Gray,639.99,691.49,,473,1,2026-10-02T15:40:27.770631+00:00,https://www.newegg.com/corsair-vengeance-rgb-32gb-2-x-16gb-ddr5-6000-pc5-48000-cas-latency-cl30-desktop-memory-gray/p/N82E16820982276
newegg,DDR5,CORSAIR Vengeance 32GB (2 x 16GB) 288-Pin PC RAM DDR5 6400 (PC5 51200) Desktop Memory Model CMK32GX5M2B6400Z30,649.99,,,1,1,2026-10-02T15:40:27.770631+00:00,https://www.newegg.com/corsair-vengeance-32gb-ddr5-6400-cas-latency-cl30-desktop-memory-black/p/N82E16820982250
newegg,DDR4,G.SKILL Trident Z5 RGB Series 32GB (2 x 16GB) 288-Pin PC RAM DDR5 6400 (PC5 51200) Desktop Memory Model F5-6400J3239G16GX2-TZ5RK,659.99,,,228,1,2026-10-02T15:40:40.796912+00:00,https://www.newegg.com/g-skill-trident-z5-rgb-series-32gb-ddr5-6400-cas-latency-cl32-desktop-memory-black/p/N82E16820374358?Item=N82E16820374358&cm_sp=SP-_-1755267-_-0-_-3-_-20-374-358-_-ddr4 desktop memory-_-ddr4|memory-_-10
newegg,DDR4,G.SKILL Trident Z5 RGB Series 32GB (2 x 16GB) 288-Pin PC RAM DDR5 6400 Desktop Memory Model F5-6400J3239G16GX2-TZ5RS,659.99,,,51,1,2026-10-02T15:40:40.796912+00:00,https://www.newegg.com/g-skill-trident-z5-rgb-series-32gb-ddr5-6400-cas-latency-cl32-desktop-memory-silver/p/N82E16820374359?Item=N82E16820374359&cm_sp=SP-_-1755267-_-0-_-3-_-20-374-359-_-ddr4 desktop memory-_-ddr4|memory-_-5
newegg,DDR5,G.SKILL Flare X5 32GB (2 x 16GB) 288-Pin PC RAM DDR5 6000 (PC5 48000) Desktop Memory Model F5-6000J3038F16GX2-FX5,659.99,,,104,1,2026-10-02T15:40:27.770631+00:00,https://www.newegg.com/g-skill-flare-x5-32gb-ddr5-6000-cas-latency-cl30-desktop-memory-black/p/N82E16820374457
newegg,DDR5,CORSAIR Vengeance RGB 32GB (2 x 16GB) 288-Pin PC RAM DDR5 7000 (PC5 56000) Desktop Memory Model CMH32GX5M2X7000C36,659.99,,,339,1,2026-10-02T15:40:27.770631+00:00,https://www.newegg.com/corsair-vengeance-rgb-32gb-ddr5-7000-cas-latency-cl36-desktop-memory-black/p/N82E16820982106
newegg,DDR5,G.SKILL Trident Z5 Neo RGB Series AMD EXPO 32GB (2 x 16GB) 288-Pin PC RAM DDR5 6000 (PC5 48000) Desktop Memory Model F5-6000J3038F16GX2-TZ5NR,669.99,736.99,,713,1,2026-10-02T15:40:40.796912+00:00,https://www.newegg.com/g-skill-trident-z5-neo-rgb-series-32gb-ddr5-6000-cas-latency-cl30-desktop-memory-black/p/N82E16820374427?Item=N82E16820374427&cm_sp=SP-_-1755267-_-0-_-3-_-20-374-427-_-ddr4 desktop memory-_-ddr4|memory-_-18
newegg,DDR5,CORSAIR Dominator Titanium 32GB (2 x 16GB) DDR5 6000 (PC5 48000) Desktop Memory Model CMP32GX5M2B6000Z30,674.99,,,74,1,2026-10-02T15:40:27.770631+00:00,https://www.newegg.com/corsair-dominator-titanium-32gb-ddr5-6000-cas-latency-cl30-desktop-memory-gray/p/N82E16820982102
newegg,DDR5,CORSAIR Dominator Titanium 32GB (2 x 16GB) DDR5 6000 (PC5 48000) Desktop Memory Model CMP32GX5M2B6000Z30W,674.99,,,2,1,2026-10-02T15:40:27.770631+00:00,https://www.newegg.com/corsair-dominator-titanium-32gb-ddr5-6000-cas-latency-cl30-desktop-memory-white/p/N82E16820982258
newegg,DDR5,CORSAIR Dominator Titanium 32GB (2 x 16GB) DDR5 7000 (PC5 56000) Desktop Memory Model CMP32GX5M2X7000C34,704.99,,,74,1,2026-10-02T15:40:27.770631+00:00,https://www.newegg.com/corsair-dominator-titanium-32gb-ddr5-7000-cas-latency-cl34-desktop-memory-black/p/N82E16820982074
newegg,DDR4,CORSAIR Vengeance RGB Pro 64GB (4 x 16GB) DDR4 3466 (PC4 27700) Desktop Memory Model CMW64GX4M4C3466C16,762.9,,,2,1,2026-10-02T15:40:40.796912+00:00,https://www.newegg.com/corsair-vengeance-rgb-pro-64gb-ddr4-3466-cas-latency-cl16-desktop-memory-black/p/N82E16820236463
newegg,DDR4,CORSAIR Vengeance RGB Pro 64GB (4 x 16GB) 288-Pin PC RAM DDR4 3000 (PC4 24000) Desktop Memory Model CMW64GX4M4D3000C16,762.9,,,2,1,2026-10-02T15:40:40.796912+00:00,https://www.newegg.com/corsair-vengeance-rgb-pro-64gb-ddr4-3000-cas-latency-cl16-desktop-memory-black/p/N82E16820236700
newegg,DDR5,NEMIX RAM 128GB (4X32GB) DDR4 2666MHZ PC4-21300 2Rx8 1.2V 288-PIN Non-ECC Unbuffered UDIMM Desktop PC Memory KIT,798.89,,,,1,2026-10-02T15:40:40.796912+00:00,https://www.newegg.com/nemix-ram-32gb/p/1X5-003Z-018S4
newegg,DDR5,CORSAIR Vengeance 64GB (2 x 32GB) 288-Pin PC RAM DDR5 5600 (PC5 44800) Desktop Memory Model CMK64GX5M2D5600Z40,919.99,997.99,,687,1,2026-10-02T15:40:27.770631+00:00,https://www.newegg.com/corsair-vengeance-64gb-2-x-32gb-ddr5-5600-pc5-44800-cas-latency-cl40-desktop-memory-gray/p/N82E16820982302
newegg,DDR5,CORSAIR Vengeance 64GB (2 x 32GB) 288-Pin PC RAM DDR5 4800 (PC5 38400) Desktop Memory Model CMK64GX5M2A4800C40,974.99,,,687,1,2026-10-02T15:40:27.770631+00:00,https://www.newegg.com/corsair-vengeance-64gb-ddr5-4800-cas-latency-cl40-desktop-memory-black/p/N82E16820236875
newegg,DDR5,G.SKILL Trident Z5 Neo Series 32GB (2 x 16GB) 288-Pin PC RAM DDR5 6000 (PC5 48000) Desktop Memory Model F5-6000J2836G16GX2-TZ5NRW,985.95,,,2,1,2026-10-02T15:40:27.770631+00:00,https://www.newegg.com/g-skill-trident-z5-neo-series-32gb-ddr5-6000-cas-latency-cl28-desktop-memory-white/p/N82E16820374635
newegg,DDR5,CORSAIR Vengeance RGB 32GB (2 x 16GB) 288-Pin PC RAM DDR5 6000 (PC5 48000) Desktop Memory Model CMH32GX5M2B6000C40L,989.99,,,11,1,2026-10-02T15:40:27.770631+00:00,https://www.newegg.com/corsair-vengeance-rgb-32gb-ddr5-6000-cas-latency-cl40-desktop-memory-black/p/N82E16820982132
newegg,DDR5,Team Group 64GB (2 x 32GB) 288-Pin PC RAM DDR5 6000 (PC5 48000) Memory Model FF5D564G6000HC38ADC01 TUF GAMING,989.99,,,1,1,2026-10-02T15:40:27.770631+00:00,https://www.newegg.com/team-group-64gb-2-x-32gb-ddr5-6000-pc5-48000-cas-latency-cl38-memory-black/p/N82E16820985387
newegg,DDR5,CORSAIR Vengeance 64GB (2 x 32GB) 288-Pin PC RAM DDR5 5200 (PC5 41600) Desktop Memory Model CMK64GX5M2B5200C40,994.99,,,687,1,2026-10-02T15:40:27.770631+00:00,https://www.newegg.com/corsair-vengeance-64gb-ddr5-5200-cas-latency-cl40-desktop-memory-black/p/N82E16820236839
newegg,DDR4,G.SKILL Trident Z Neo Series 64GB (2 x 32GB) 288-Pin PC RAM DDR4 3200 (PC4 25600) Desktop Memory Model F4-3200C16D-64GTZN,997.0,,,2180,1,2026-10-02T15:40:40.796912+00:00,https://www.newegg.com/g-skill-trident-z-neo-series-64gb-ddr4-3200-cas-latency-cl16-desktop-memory-black/p/N82E16820232952
newegg,DDR5,Team T-Force Delta RGB 64GB (2 x 32GB) 288-Pin PC RAM DDR5 6000 (PC5 48000) Desktop Memory Model FF4D564G6000HC38ADC01,999.99,,,604,1,2026-10-02T15:40:27.770631+00:00,https://www.newegg.com/team-group-t-force-delta-rgb-64gb-ddr5-6000-cas-latency-cl38-desktop-memory-white/p/N82E16820331979
newegg,DDR5,Team T-CREATE CLASSIC 64GB (2 x 32GB) DDR5 6000 (PC5 48000) Desktop Memory Model CTCCD564G6000HC48DC01,999.99,,,25,1,2026-10-02T15:40:27.770631+00:00,https://www.newegg.com/team-group-t-create-classic-64gb-ddr5-6000-cas-latency-cl48-desktop-memory-black/p/N82E16820985007
newegg,DDR5,CORSAIR Vengeance RGB 64GB (2 x 32GB) 288-Pin PC RAM DDR5 6000 (PC5 48000) Desktop Memory Model CMH64GX5M2D6000Z40,1049.99,,,83,1,2026-10-02T15:40:27.770631+00:00,https://www.newegg.com/corsair-vengeance-rgb-64gb-2-x-32gb-ddr5-6000-pc5-48000-cas-latency-cl40-desktop-memory-gray/p/N82E16820982287
newegg,DDR5,CORSAIR Vengeance RGB 64GB (2 x 32GB) 288-Pin PC RAM DDR5 6000 (PC5 48000) Desktop Memory Model CMH64GX5M2N6000Z40,1049.99,1079.99,,473,1,2026-10-02T15:40:27.770631+00:00,https://www.newegg.com/corsair-vengeance-rgb-64gb-2-x-32gb-ddr5-6000-pc5-48000-cas-latency-cl40-desktop-memory-gray/p/N82E16820982338
newegg,DDR5,G.SKILL Flare X5 64GB (2 x 32GB) 288-Pin PC RAM DDR5 6000 (PC5 48000) Desktop Memory Model F5-6000J3636F32GX2-FX5,1089.99,,,5,1,2026-10-02T15:40:27.770631+00:00,https://www.newegg.com/g-skill-flare-x5-64gb-ddr5-6000-cas-latency-cl36-desktop-memory-black/p/N82E16820374656
newegg,DDR5,G.SKILL Ripjaws S5 Series 64GB (2 x 32GB) 288-Pin PC RAM DDR5 6000 (PC5 48000) Desktop Memory Model F5-6000J3636F32GX2-RS5K,1099.99,,,12,1,2026-10-02T15:40:27.770631+00:00,https://www.newegg.com/g-skill-ripjaws-s5-series-64gb-ddr5-6000-cas-latency-cl36-desktop-memory-black/p/N82E16820374497
newegg,DDR5,G.SKILL Trident Z5 RGB Series 32GB (2 x 16GB) 288-Pin PC RAM DDR5 7200 (PC5 57600) Desktop Memory Model F5-7200J3445G16GX2-TZ5RK,1149.99,,,111,1,2026-10-02T15:40:27.770631+00:00,https://www.newegg.com/g-skill-trident-z5-rgb-series-32gb-ddr5-7200-cas-latency-cl34-desktop-memory-black/p/N82E16820374436?Item=N82E16820374436&cm_sp=SP-_-1755267-_-0-_-2-_-20-374-436-_-ddr5 desktop memory-_-ddr5|memory-_-33
newegg,DDR5,G.SKILL Trident Z5 RGB Series 64GB (2 x 32GB) 288-Pin PC RAM DDR5 6000 (PC5 48000) Desktop Memory Model F5-6000J3636F32GX2-TZ5RK,1149.99,,,14,1,2026-10-02T15:40:27.770631+00:00,https://www.newegg.com/g-skill-trident-z5-rgb-series-64gb-ddr5-6000-cas-latency-cl36-desktop-memory-black/p/N82E16820374473
newegg,DDR5,CORSAIR Dominator Platinum RGB 64GB (4 x 16GB) 288-Pin PC RAM DDR5 6600 (PC5 52800) Desktop Memory Model CMT64GX5M4B6600C32,1199.99,,,5,1,2026-10-02T15:40:27.770631+00:00,https://www.newegg.com/corsair-dominator-platinum-rgb-64gb-ddr5-6600-cas-latency-cl32-desktop-memory-black/p/N82E16820236966
newegg,DDR5,CORSAIR Vengeance 64GB (2 x 32GB) 288-Pin PC RAM DDR5 6400 (PC5 51200) Desktop memory Model CMK64GX5M2B6400C32,1229.99,,,687,1,2026-10-02T15:40:27.770631+00:00,https://www.newegg.com/corsair-vengeance-64gb-ddr5-6400-cas-latency-cl32-desktop-memory-black/p/N82E16820236959
newegg,DDR5,CORSAIR Vengeance 64GB (2 x 32GB) DDR5 6000 (PC5 48000) Desktop Memory Model CMK64GX5M2B6000Z30,1239.99,,,687,1,2026-10-02T15:40:27.770631+00:00,https://www.newegg.com/corsair-vengeance-64gb-ddr5-6000-cas-latency-cl30-desktop-memory-gray/p/N82E16820982030
newegg,DDR5,Used - Very GoodCORSAIR Vengeance 64GB (2 x 32GB) 288-Pin PC RAM DDR5 6000 (PC5 48000) Desktop Memory Model CMK64GX5M2B6000C30,1269.0,,,687,1,2026-10-02T15:40:27.770631+00:00,https://www.newegg.com/corsair-vengeance-64gb-ddr5-6000-cas-latency-cl30-desktop-memory-black/p/N82E16820982031
newegg,DDR5,CORSAIR Vengeance RGB 64GB (2 x 32GB) 288-Pin PC RAM DDR5 6000 (PC5 48000) Desktop Memory Model CMH64GX5M2B6000Z30W,1277.99,,,83,1,2026-10-02T15:40:27.770631+00:00,https://www.newegg.com/corsair-vengeance-rgb-64gb-ddr5-6000-cas-latency-cl30-desktop-memory-white/p/N82E16820982238
newegg,DDR5,CORSAIR Vengeance RGB 64GB (2 x 32GB) 288-Pin PC RAM DDR5 6400 (PC5 51200) Desktop Memory Model CMH64GX5M2B6400C32,1299.99,,,83,1,2026-10-02T15:40:27.770631+00:00,https://www.newegg.com/corsair-vengeance-rgb-64gb-ddr5-6400-cas-latency-cl32-desktop-memory-black/p/N82E16820982005
newegg,DDR5,CORSAIR Vengeance RGB 64GB (2 x 32GB) 288-Pin PC RAM DDR5 6400 (PC5 51200) Desktop Memory Model CMH64GX5M2N6400C32W,1299.99,,,339,1,2026-10-02T15:40:27.770631+00:00,https://www.newegg.com/corsair-vengeance-rgb-64gb-ddr5-6400-cas-latency-cl32-desktop-memory-white/p/N82E16820982242
newegg,DDR5,CORSAIR Vengeance RGB 64GB (2 x 32GB) 288-Pin PC RAM DDR5 6400 (PC5 51200) Desktop Memory Model CMH64GX5M2N6400C32,1299.99,,,339,1,2026-10-02T15:40:27.770631+00:00,https://www.newegg.com/corsair-vengeance-rgb-64gb-ddr5-6400-cas-latency-cl32-desktop-memory-black/p/N82E16820982255
newegg,DDR5,CORSAIR Dominator Titanium 64GB (2 x 32GB) DDR5 6000 (PC5 48000) Desktop Memory Model CMP64GX5M2B6000C30,1347.99,,,2,1,2026-10-02T15:40:27.770631+00:00,https://www.newegg.com/corsair-dominator-titanium-64gb-ddr5-6000-cas-latency-cl30-desktop-memory-black/p/N82E16820982092
newegg,DDR5,G.SKILL Ripjaws M5 RGB Series 96GB (2 x 48GB) 288-Pin PC RAM DDR5 5600 (PC5 44800) Desktop Memory Model F5-5600J4040D48GX2-RM5RK,1479.99,,,30,1,2026-10-02T15:40:27.770631+00:00,https://www.newegg.com/g-skill-ripjaws-m5-rgb-series-96gb-ddr5-5600-cas-latency-cl40-desktop-memory-black/p/N82E16820374548
newegg,DDR5,Crucial Pro 128GB (2 x 64GB) DDR5 5600 (PC5 44800) Desktop Memory Model CP2K64G56C46U5,2099.99,,,84,1,2026-10-02T15:40:27.770631+00:00,https://www.newegg.com/crucial-pro-128gb-ddr5-5600-cas-latency-cl46-desktop-memory-black/p/N82E16820156418
newegg,DDR5,G.SKILL Trident Z5 RGB Series 64GB (2 x 32GB) 288-Pin PC RAM DDR5 6400 (PC5 51200) Desktop Memory Model F5-6400J3239G32GX2-TZ5RS,2199.99,,,19,1,2026-10-02T15:40:27.770631+00:00,https://www.newegg.com/g-skill-trident-z5-rgb-series-64gb-ddr5-6400-cas-latency-cl32-desktop-memory-silver/p/N82E16820374431?Item=N82E16820374431&cm_sp=SP-_-1755267-_-0-_-2-_-20-374-431-_-ddr5 desktop memory-_-ddr5|memory-_-21
